{
  "title": "相册标题",
  "id": 123, 
  "start": 0, 
  "data": [   
    {
      "alt": "图片名1",
      "pid": 5, 
      "src": "resources/images/img1.jpg", 
      "thumb": "resources/images/img1.jpg" 
    },
    {
      "alt": "图片名3",
      "pid": 1, 
      "src": "resources/images/img3.jpg", 
      "thumb": "resources/images/img3.jpg" 
    },
    {
      "alt": "图片名4",
      "pid": 2, 
      "src": "resources/images/img4.jpg", 
      "thumb": "resources/images/img4.jpg" 
    },
    {
      "alt": "图片名5",
      "pid": 3, 
      "src": "resources/images/img5.jpg", 
      "thumb": "resources/images/img5.jpg" 
    },
    {
      "alt": "图片名6",
      "pid": 4, 
      "src": "resources/images/img6.jpg", 
      "thumb": "resources/images/img6.jpg" 
    }
  ]
}