[
	{
		"children": [
			{
				"children": [
					{
						"href": "",
						"id": 3,
						"name": "客户管理",
						"icon":"&#xe660;",
						"pid": 2,
						"spread": true
					}, {
						"href": "",
						"id": 4,
						"name": "供应商管理",
						"pid": 2,
						"spread": true
					}, {
						"href": "",
						"id": 5,
						"name": "商品管理",
						"pid": 2,
						"spread": true
					}
				],
				"href": "",
				"id": 2,
				"name": "基本管理",
				"pid": 1,
				"spread": false
			}, {
				"children": [
					{
						"href": "",
						"id": 7,
						"name": "商品入库",
						"pid": 6,
						"spread": true
					}, {
						"href": "",
						"id": 8,
						"name": "商品退货",
						"pid": 6,
						"spread": true
					}
				],
				"href": "",
				"id": 6,
				"name": "入库管理",
				"pid": 1,
				"spread": false
			}, {
				"children": [
					{
						"href": "",
						"id": 10,
						"name": "商品销售",
						"pid": 9,
						"spread": true
					}, {
						"href": "",
						"id": 11,
						"name": "商品退货",
						"pid": 9,
						"spread": true
					}
				],
				"href": "",
				"id": 9,
				"name": "出库管理",
				"pid": 1,
				"spread": false
			}, {
				"children": [
					{
						"href": "",
						"id": 13,
						"name": "部门管理",
						"pid": 12,
						"spread": true
					}, {
						"href": "",
						"id": 14,
						"name": "菜单管理",
						"pid": 12,
						"spread": true
					}, {
						"href": "",
						"id": 15,
						"name": "角色管理",
						"pid": 12,
						"spread": false
					}, {
						"href": "",
						"id": 16,
						"name": "用户管理",
						"pid": 12,
						"spread": false
					}, {
						"href": "",
						"id": 17,
						"name": "修改密码",
						"pid": 12,
						"spread": true
					}, {
						"href": "",
						"id": 18,
						"name": "修改头像",
						"pid": 12,
						"spread": true
					}, {
						"href": "",
						"id": 19,
						"name": "其它",
						"pid": 12,
						"spread": true
					}
				],
				"href": "",
				"id": 12,
				"name": "系统管理",
				"pid": 1,
				"spread": true
			}, {
				"children": [
					{
						"href": "",
						"id": 21,
						"name": "日销售统计",
						"pid": 20,
						"spread": true
					}, {
						"href": "",
						"id": 22,
						"name": "月销售统计",
						"pid": 20,
						"spread": true
					}
				],
				"href": "",
				"id": 20,
				"name": "统计分析",
				"pid": 1,
				"spread": false
			}, {
				"children": [
					{
						"href": "",
						"id": 24,
						"name": "图标管理",
						"pid": 23,
						"spread": true
					}
				],
				"href": "",
				"id": 23,
				"name": "系统配置",
				"pid": 1,
				"spread": false
			}
		],
		"href": "",
		"id": 1,
		"name": "进销存管理系统",
		"pid": 0,
		"spread": true
	}
]
